accuary,precision,recall,f1,roc_auc
0.9660297239915074,0.8279569892473119,1.0,0.9058823529411765,0.997659700705386
