accuary,precision,recall,f1,roc_auc
0.9644373673036093,0.8213333333333334,1.0,0.9019033674963397,0.997560814819698
